segment_id,posted_speed_limit_kph,operating_speed_kph,pedestrian_activity,cyclist_activity,ptw_activity,crossing_density,commercial_frontage,transit_stop,school_zone,market_zone,urban,intersection_density,roadside_activity,non_separated_traffic,divided_road,latitude,longitude
seg_0142,50.0,58.76877648147204,1,0,1,1,1,1,0,0,1,1,1,1,0,23.328488841358098,90.13864298262104
seg_0006,70.0,66.95549177166497,0,0,0,0,0,0,0,0,0,0,0,0,1,23.54620728443102,89.97322520636
seg_0097,60.0,61.023900720978034,0,0,0,0,0,0,0,0,1,1,1,0,0,23.43812979276546,89.99175035834934
seg_0060,50.0,50.42023075011981,0,0,0,0,0,0,0,0,1,1,0,0,0,23.663934501893795,90.08577145790987
seg_0112,60.0,59.06548100179,0,0,0,0,0,0,0,0,1,1,1,0,0,23.455603360436093,90.25139094101165
seg_0181,60.0,69.36481351484595,1,0,1,0,1,0,0,1,1,1,1,0,0,23.688382818380873,90.12104087435796
seg_0197,50.0,60.9836777273948,1,1,1,1,1,0,0,0,1,1,1,1,0,23.706374731439563,90.07411322137858
seg_0184,70.0,79.99029364777327,0,0,0,0,0,0,0,0,1,3,1,1,0,23.59697422223355,90.2213622216738
seg_0009,50.0,48.62522284353982,0,0,0,0,0,0,0,0,1,1,0,0,0,23.666597455868082,90.03668232675389
seg_0104,80.0,81.35292572222927,0,0,0,0,0,0,0,0,0,0,0,0,1,23.695571556849035,90.21385055454316
seg_0200,70.0,75.49097606507122,1,1,1,1,1,1,0,0,1,1,1,1,0,23.479494494008506,90.22865268444502
seg_0216,70.0,80.27211588319521,1,1,1,1,1,1,0,1,1,1,1,1,0,23.52602359042599,90.16806326456766
seg_0236,70.0,80.22124170226971,1,1,1,1,1,1,0,0,1,1,1,1,0,23.59528011622282,90.21065033370678
seg_0240,60.0,79.62047342916563,1,0,1,1,1,1,0,1,1,1,1,1,0,23.486605059040667,90.1064274282528
seg_0067,30.0,24.322018494152267,1,0,0,0,0,0,1,0,1,0,0,0,0,23.329323223821245,90.01008232390282
seg_0224,50.0,64.9198339019358,1,1,1,1,0,0,1,0,1,1,1,1,0,23.686945038781257,90.24870655108516
seg_0194,70.0,77.98168693590944,0,0,0,0,0,0,0,0,1,3,1,1,0,23.643894944357246,90.25186076586508
seg_0015,30.0,28.97939366924055,1,0,0,0,0,0,1,0,1,0,0,0,0,23.349357840767087,89.9527610585618
seg_0177,60.0,65.39272072663387,1,0,1,0,1,0,0,1,1,1,1,0,0,23.71991606180674,90.26385402653571
seg_0024,70.0,65.56779523105801,0,0,0,0,0,0,0,0,0,0,0,0,1,23.397816842918857,90.00274712991514
seg_0247,50.0,63.37549445887616,1,1,1,1,0,0,1,0,1,1,1,1,0,23.74517065667089,89.95011876178795
seg_0019,70.0,64.59583411723851,0,0,0,0,0,0,0,0,0,0,0,0,1,23.30979712296915,90.3066223936115
seg_0114,70.0,75.79457500550367,0,0,0,0,0,0,0,0,1,3,0,0,0,23.556707597967893,90.15912151814531
seg_0068,50.0,42.978341606510014,0,0,0,0,0,0,0,0,1,0,0,0,0,23.270364401159487,90.37773029200551
seg_0176,70.0,75.16898040708364,0,0,0,0,0,0,0,0,1,3,1,1,0,23.28330955619541,90.0645126954624
seg_0045,50.0,44.65202367681725,0,0,0,0,0,0,0,0,1,1,0,0,0,23.610469962126064,90.1040303959262
seg_0055,30.0,28.395260904640452,1,0,0,0,0,0,1,0,1,0,0,0,0,23.37810347179723,90.25575685543285
seg_0010,30.0,29.89599342216499,1,0,0,0,0,0,1,0,1,0,0,0,0,23.462577937245623,90.0539708314341
seg_0030,50.0,42.51478751249989,0,0,0,0,0,0,0,0,1,0,0,0,0,23.74887024252447,90.08339050713765
seg_0120,80.0,80.15189932144409,0,0,0,0,0,0,0,0,0,0,0,0,1,23.624955374734984,90.40658287612882
seg_0201,60.0,68.49944658558849,1,1,1,1,0,0,1,0,1,1,1,1,0,23.34223143570943,90.09979795588325
seg_0033,70.0,67.89352152482235,0,0,0,0,0,0,0,0,0,0,0,0,1,23.61410817430593,90.13389156635962
seg_0141,50.0,62.877847170960834,1,1,1,1,1,1,0,0,1,1,1,1,0,23.26965606992055,90.34970519945452
seg_0219,70.0,79.68902331519018,1,1,1,1,1,1,0,0,1,1,1,1,0,23.566739109913073,90.0789438427166
seg_0025,30.0,25.59554613779359,1,0,0,0,0,0,1,0,1,0,0,0,0,23.311043977350337,90.1281489190385
seg_0111,60.0,60.23810805735157,0,0,0,0,0,0,0,0,1,1,1,0,0,23.7431053722398,90.29908085700987
seg_0018,70.0,67.19436417678145,0,0,0,0,0,0,0,0,0,0,0,0,1,23.412591661013373,90.31480308916903
seg_0196,70.0,74.32846670243438,0,0,0,0,0,0,0,0,1,3,1,1,0,23.490418489044536,90.40922736246965
seg_0180,60.0,71.62458685740691,1,0,1,0,1,0,0,1,1,1,1,0,0,23.321563992774234,90.05227229658473
seg_0159,70.0,82.20861473153353,0,0,0,0,0,0,0,0,1,3,1,1,0,23.37895141352247,90.03544379369504
seg_0118,80.0,76.18725657544564,0,0,0,0,0,0,0,0,0,0,0,0,1,23.281755914795,89.96841093381799
seg_0096,60.0,64.02702548207154,0,0,0,0,0,0,0,0,1,1,1,0,0,23.36834259684104,90.40384685317427
seg_0108,70.0,72.10091077507141,0,0,0,0,0,0,0,0,1,3,0,0,0,23.390481594796114,90.42520574203829
seg_0185,60.0,66.27350983029987,1,0,1,0,1,0,0,1,1,1,1,0,0,23.66339941390454,90.42953739728202
seg_0222,60.0,69.61638525190082,1,1,1,1,0,0,1,0,1,1,1,1,0,23.3870276103436,90.2270890012579
seg_0016,50.0,43.1586905952513,0,0,0,0,0,0,0,0,1,2,0,0,0,23.645087770265604,90.2529799873905
seg_0146,60.0,71.49616232008587,1,0,1,0,1,0,0,1,1,1,1,0,0,23.606674792942275,90.3976034188436
seg_0069,70.0,62.52864816616737,0,0,0,0,0,0,0,0,0,0,0,0,1,23.48673588539028,90.036600934955
seg_0173,60.0,72.99667445292172,1,0,1,0,1,0,0,1,1,1,1,0,0,23.658299719735787,90.16956745428512
seg_0038,70.0,67.68299480398116,0,0,0,0,0,0,0,0,0,0,0,0,1,23.68866967669049,90.07897081385758
seg_0132,70.0,76.33928862645345,0,0,0,0,0,0,0,0,1,3,0,0,0,23.598820935746733,90.34823588783694
seg_0225,60.0,68.79275927889978,1,1,1,1,0,0,1,0,1,1,1,1,0,23.5366471890897,90.36905348158915
seg_0238,80.0,84.75336015993294,1,0,1,1,1,1,0,1,1,1,1,1,0,23.740288400089995,90.40168190631802
seg_0119,60.0,62.27477020023571,0,0,0,0,0,0,0,0,1,1,1,0,0,23.278187748325465,90.38236118812753
seg_0136,60.0,65.1743072792481,0,0,0,0,0,0,0,0,1,1,1,0,0,23.325951346756145,90.0194135863247
seg_0066,30.0,27.962260473458535,1,0,0,0,0,0,1,0,1,0,0,0,0,23.5271770262557,90.25586037311717
seg_0217,70.0,74.42130905387629,1,1,1,1,1,1,0,1,1,1,1,1,0,23.3071189629602,90.23288830998328
seg_0154,50.0,58.37226791735994,1,1,1,1,1,0,0,0,1,1,1,1,0,23.49912384892447,90.11517424064046
seg_0168,60.0,65.24297223485544,1,0,1,0,1,0,0,1,1,1,1,0,0,23.71476457212391,90.36530970389387
seg_0229,70.0,78.25600936094351,1,1,1,1,1,1,0,0,1,1,1,1,0,23.48802520109955,90.28183558268132
seg_0233,80.0,81.38204635348399,1,0,1,1,1,1,0,1,1,1,1,1,0,23.594201198213867,90.16741366930188
seg_0156,70.0,82.42314035298182,0,0,0,0,0,0,0,0,1,3,1,1,0,23.392547584346925,90.03668679764738
seg_0117,80.0,78.55265175332597,0,0,0,0,0,0,0,0,0,0,0,0,1,23.44044542831551,90.4349571989073
seg_0084,70.0,70.6787165705838,0,0,0,0,0,0,0,0,1,3,0,0,0,23.502626186223928,90.36322873305387
seg_0125,60.0,62.41525471019588,0,0,0,0,0,0,0,0,1,1,1,0,0,23.66568574503125,90.10388861988552
seg_0167,70.0,77.48868266542995,0,0,0,0,0,0,0,0,1,3,1,1,0,23.486583100525944,90.25305094052793
seg_0245,60.0,65.28235353830225,1,1,1,1,0,0,1,0,1,1,1,1,0,23.519200745190393,90.28082758754027
seg_0109,70.0,71.49441545590885,0,0,0,0,0,0,0,0,1,3,0,0,0,23.560066298900768,90.08869059149058
seg_0172,50.0,64.77200540813108,1,0,1,1,1,1,0,0,1,1,1,1,0,23.56687928186009,90.40393306523126
seg_0234,70.0,69.44331244419243,1,1,1,1,1,1,0,0,1,1,1,1,0,23.25116969531289,90.43384969410354
seg_0073,50.0,51.41464808776525,0,0,0,0,0,0,0,0,1,2,0,0,0,23.536683520835968,90.01425017661695
seg_0158,70.0,82.1707207094928,0,0,0,0,0,0,0,0,1,3,1,1,0,23.44892779952287,90.43473521663769
seg_0115,60.0,64.2208182698818,0,0,0,0,0,0,0,0,1,1,1,0,0,23.272609335053094,89.96318348724863
seg_0075,80.0,78.94603107470314,0,0,0,0,0,0,0,0,0,0,0,0,1,23.300389000688714,89.95911091282578
seg_0237,60.0,78.84553129035704,1,1,1,1,1,1,0,1,1,1,1,1,0,23.61611244320478,90.35328057393073
seg_0082,60.0,63.43875823920197,0,0,0,0,0,0,0,0,1,1,1,0,0,23.683558303604862,90.2309333460719
seg_0029,70.0,63.6289562294874,0,0,0,0,0,0,0,0,0,0,0,0,1,23.731223647471055,90.07589114791269
seg_0126,60.0,62.71964717710109,0,0,0,0,0,0,0,0,1,1,1,0,0,23.530468985767694,90.38832680132917
seg_0079,60.0,62.3837750659847,0,0,0,0,0,0,0,0,1,1,1,0,0,23.617535521901942,90.35174046519242
seg_0086,70.0,74.09092913981873,0,0,0,0,0,0,0,0,1,3,0,0,0,23.295643338393067,90.10965681879522
seg_0005,30.0,27.59964106889528,1,0,0,0,0,0,1,0,1,0,0,0,0,23.366385670215152,89.99530321726641
seg_0056,70.0,71.79005875999323,0,0,0,0,0,0,0,0,0,0,0,0,1,23.347136976756023,89.98547045849996
seg_0186,70.0,75.5335140311608,0,0,0,0,0,0,0,0,1,3,1,1,0,23.46179843121024,90.09396480823787
seg_0231,60.0,78.7927708524415,1,1,1,1,1,1,0,0,1,1,1,1,0,23.49818312360062,90.24842142445844
seg_0170,50.0,57.39772376626289,1,0,1,1,1,0,0,0,1,1,1,1,0,23.62056032464503,90.23723655658996
seg_0065,70.0,70.11686608365345,0,0,0,0,0,0,0,0,0,0,0,0,1,23.341432998553653,90.41730699866986
seg_0140,60.0,70.90394828629366,1,0,1,0,1,0,0,1,1,1,1,0,0,23.697108631447964,90.01437419914983
seg_0124,70.0,72.28589627110112,0,0,0,0,0,0,0,0,1,3,0,0,0,23.306778796099813,90.2857865977964
seg_0213,60.0,73.42849101184996,1,1,1,1,1,1,0,1,1,1,1,1,0,23.67406404773344,90.01138844483135
seg_0148,50.0,57.82283878475958,1,0,1,1,1,0,0,0,1,1,1,1,0,23.371235251817364,90.08462161547469
seg_0031,30.0,27.42616932194294,1,0,0,0,0,0,1,0,1,0,0,0,0,23.422535624013342,90.26717567235069
seg_0012,50.0,45.88677289689482,0,0,0,0,0,0,0,0,1,1,0,0,0,23.5352219872027,90.21041713001291
seg_0035,70.0,70.90451150753687,0,0,0,0,0,0,0,0,0,0,0,0,1,23.545446471594122,90.28878218092115
seg_0028,50.0,42.64892247108982,0,0,0,0,0,0,0,0,1,1,0,0,0,23.411601466010378,90.20939531087168
seg_0042,30.0,24.710300800062225,1,0,0,0,0,0,1,0,1,0,0,0,0,23.330814357047306,90.39927709426354
seg_0218,60.0,75.58287900525214,1,1,1,1,1,1,0,0,1,1,1,1,0,23.462606752234617,89.96123465416007
seg_0022,70.0,64.51677982040785,0,0,0,0,0,0,0,0,0,0,0,0,1,23.31966572720294,90.2522086896389
seg_0093,70.0,71.56986441758826,0,0,0,0,0,0,0,0,1,3,0,0,0,23.292053403057498,90.30048456572956
seg_0212,70.0,66.71017061708936,1,0,1,1,1,1,0,1,1,1,1,1,0,23.396573865130506,90.39816790926056
seg_0101,60.0,60.99896463618963,0,0,0,0,0,0,0,0,1,1,1,0,0,23.590519713548453,90.06875323564624
seg_0051,50.0,43.694927466860925,0,0,0,0,0,0,0,0,1,0,0,0,0,23.40284850964359,90.04545551557517
seg_0095,60.0,65.04287974910733,0,0,0,0,0,0,0,0,1,1,1,0,0,23.743319789250588,90.13713539787807
seg_0143,70.0,79.36590645987333,0,0,0,0,0,0,0,0,1,3,1,1,0,23.624129845191828,90.04226050967819
seg_0199,50.0,71.65757841955859,1,1,1,1,0,0,1,0,1,1,1,1,0,23.36004860704055,90.05634039217061
seg_0076,60.0,64.75900248775564,0,0,0,0,0,0,0,0,1,1,1,0,0,23.418277107444364,90.27786131769038
seg_0041,70.0,62.925539614945535,0,0,0,0,0,0,0,0,0,0,0,0,1,23.678162145939048,90.1522540635611
seg_0113,80.0,79.80575606710688,0,0,0,0,0,0,0,0,0,0,0,0,1,23.288100189799582,90.42026591356769
seg_0152,70.0,77.7877262595129,0,0,0,0,0,0,0,0,1,3,1,1,0,23.52887113297522,90.24326771733038
seg_0078,80.0,81.01977610821642,0,0,0,0,0,0,0,0,0,0,0,0,1,23.59644517934597,90.12416830222661
seg_0147,60.0,69.32617266455023,1,0,1,0,1,0,0,1,1,1,1,0,0,23.265236076366797,90.38360749053736
seg_0026,50.0,43.64655853142942,0,0,0,0,0,0,0,0,1,2,0,0,0,23.46355389431313,90.35900738296125
seg_0241,60.0,74.48428433314928,1,1,1,1,1,1,0,1,1,1,1,1,0,23.712198097688265,90.4355291225827
seg_0164,50.0,59.692304815098964,1,1,1,1,1,1,0,0,1,1,1,1,0,23.49057005092741,90.2162947162758
seg_0243,60.0,70.38997699132594,1,1,1,1,0,0,1,0,1,1,1,1,0,23.548134939241027,90.06500441864385
seg_0137,60.0,70.0193539554096,1,0,1,0,1,0,0,1,1,1,1,0,0,23.486980820131436,90.28377886926052
seg_0000,70.0,68.56535173741136,0,0,0,0,0,0,0,0,0,0,0,0,1,23.437270059423682,90.42535715320496
seg_0002,70.0,72.32407979917325,0,0,0,0,0,0,0,0,0,0,0,0,1,23.604036288898023,89.9602922471479
seg_0077,60.0,61.96829963434725,0,0,0,0,0,0,0,0,1,1,1,0,0,23.261635967867914,90.35723424129448
seg_0046,70.0,68.94252488596989,0,0,0,0,0,0,0,0,0,0,0,0,1,23.544935423780274,90.4394464291375
seg_0100,60.0,63.95369325554638,0,0,0,0,0,0,0,0,1,1,1,0,0,23.309408958134036,90.00876312338856
seg_0127,60.0,62.96247641082772,0,0,0,0,0,0,0,0,1,1,1,0,0,23.49002298350924,90.16026788933254
seg_0150,60.0,71.89171238607338,1,0,1,0,1,0,0,1,1,1,1,0,0,23.695263640369948,90.24679622677702
seg_0248,70.0,68.7375737036812,1,1,1,1,1,1,0,0,1,1,1,1,0,23.716294954712627,89.98501485287373
seg_0090,70.0,71.9737745123604,0,0,0,0,0,0,0,0,1,3,0,0,0,23.737124104267206,90.44796562101517
seg_0085,60.0,65.24305581135411,0,0,0,0,0,0,0,0,1,1,1,0,0,23.299992443580933,89.97674264837369
seg_0175,70.0,79.31857479688173,0,0,0,0,0,0,0,0,1,3,1,1,0,23.36610634757341,90.39978728663729
seg_0195,60.0,68.65700122318813,1,0,1,0,1,0,0,1,1,1,1,0,0,23.51869780146896,90.40992780820638
seg_0098,80.0,74.88957985844921,0,0,0,0,0,0,0,0,0,0,0,0,1,23.60254218214833,90.07436207721514
seg_0036,70.0,66.25408880930591,0,0,0,0,0,0,0,0,0,0,0,0,1,23.424332993645866,89.99808827554571
seg_0061,70.0,69.86054614597947,0,0,0,0,0,0,0,0,0,0,0,0,1,23.520317560805054,90.2687149507491
seg_0162,70.0,81.07230095644445,0,0,0,0,0,0,0,0,1,3,1,1,0,23.34975346366916,90.31812359184924
seg_0139,50.0,61.344235037325234,1,1,1,1,1,1,0,0,1,1,1,1,0,23.338505242138375,89.99435126687852
seg_0011,70.0,65.59194845686419,0,0,0,0,0,0,0,0,0,0,0,0,1,23.474877066684883,90.14757511800092
seg_0244,80.0,71.30580675661221,1,0,1,1,1,1,0,1,1,1,1,1,0,23.51513256631745,90.17051608087408
seg_0198,70.0,76.77587172629418,0,0,0,0,0,0,0,0,1,3,1,1,0,23.70742295053405,90.13119694955832
seg_0027,50.0,44.44125522247774,0,0,0,0,0,0,0,0,1,2,0,0,0,23.45870550157439,90.06105390523537
seg_0155,60.0,65.86567024051305,1,0,1,0,1,0,0,1,1,1,1,0,0,23.326429569592165,90.07297886419225
seg_0004,30.0,30.816288631890213,1,0,0,0,0,0,1,0,1,0,0,0,0,23.39561457009902,90.25592644736119
seg_0122,60.0,62.849397075607044,0,0,0,0,0,0,0,0,1,1,1,0,0,23.35252266425326,90.0757212197559
seg_0032,70.0,64.6140129839164,0,0,0,0,0,0,0,0,0,0,0,0,1,23.7428252270553,90.07102763575575
seg_0144,70.0,79.31265753973534,0,0,0,0,0,0,0,0,1,3,1,1,0,23.712020879553716,90.06805826655871
seg_0178,60.0,72.93892583050958,1,0,1,0,1,0,0,1,1,1,1,0,0,23.647012594635147,90.26003637796425
seg_0138,60.0,66.78590339031959,1,0,1,0,1,0,0,1,1,1,1,0,0,23.36192453295316,90.36089531842222
seg_0062,50.0,42.78456381342266,0,0,0,0,0,0,0,0,1,0,0,0,0,23.270533758383937,90.1494104507224
seg_0135,80.0,75.02436671166218,0,0,0,0,0,0,0,0,0,0,0,0,1,23.42078160522827,90.21863170835704
seg_0128,70.0,73.55537340887562,0,0,0,0,0,0,0,0,1,3,0,0,0,23.602039884049614,90.05648208075446
seg_0226,60.0,70.58119288950549,1,1,1,1,1,1,0,0,1,1,1,1,0,23.461018029775342,90.12693568828062
seg_0205,50.0,71.24561646987085,1,1,1,1,0,0,1,0,1,1,1,1,0,23.63267814053312,90.00149073966566
seg_0070,30.0,30.53405415655638,1,0,0,0,0,0,1,0,1,0,0,0,0,23.724572865795693,90.39334019364902
seg_0192,60.0,69.18838057126072,1,0,1,0,1,0,0,1,1,1,1,0,0,23.668745394501247,90.11607320632747
seg_0064,30.0,24.657113030569043,1,0,0,0,0,0,1,0,1,0,0,0,0,23.336647160035422,90.02821852133555
seg_0044,50.0,43.78822709221329,0,0,0,0,0,0,0,0,1,2,0,0,0,23.36213465473028,90.30608961067377
seg_0165,60.0,67.22353844974722,1,0,1,0,1,0,0,1,1,1,1,0,0,23.524301558969075,90.22446098994449
seg_0040,70.0,71.31327256462137,0,0,0,0,0,0,0,0,0,0,0,0,1,23.566550728636635,90.11951489552435
seg_0123,70.0,71.22346446229557,0,0,0,0,0,0,0,0,1,3,0,0,0,23.36432140275173,90.28585034220293
seg_0153,60.0,66.44353155464654,1,0,1,0,1,0,0,1,1,1,1,0,0,23.418723416935958,90.3998236985725
seg_0023,70.0,68.86789452947173,0,0,0,0,0,0,0,0,0,0,0,0,1,23.288489954914397,90.09487572645689
seg_0211,60.0,60.86978013582149,1,1,1,1,0,0,1,0,1,1,1,1,0,23.665109932283496,90.14859176480923
seg_0183,50.0,63.20036536546074,1,0,1,1,1,0,0,0,1,1,1,1,0,23.324958713674388,90.06462569761632
seg_0081,80.0,78.64435209875128,0,0,0,0,0,0,0,0,0,0,0,0,1,23.456308838455712,90.13600904289639
seg_0039,70.0,71.90459862879663,0,0,0,0,0,0,0,0,0,0,0,0,1,23.380414587415203,90.44812684987896
seg_0209,80.0,78.0549221570375,1,0,1,1,1,1,0,1,1,1,1,1,0,23.302054290992288,90.3499580426866
seg_0047,50.0,43.95242987798044,0,0,0,0,0,0,0,0,1,0,0,0,0,23.647405651770825,90.2013185465526
seg_0094,60.0,58.67870171268154,0,0,0,0,0,0,0,0,1,1,1,0,0,23.69594845438839,90.02330241084601
seg_0190,50.0,65.25568512906776,1,0,1,1,1,0,0,0,1,1,1,1,0,23.288660532744395,90.00212348302591
seg_0161,60.0,71.10952478836748,1,0,1,0,1,0,0,1,1,1,1,0,0,23.634746466595967,90.04352187427877
seg_0043,50.0,48.918951976926934,0,0,0,0,0,0,0,0,1,0,0,0,0,23.58175088455403,89.95253079192311
seg_0145,70.0,76.52436944344021,0,0,0,0,0,0,0,0,1,3,1,1,0,23.610258030695732,89.98117068125562
seg_0182,70.0,81.97295365779553,0,0,0,0,0,0,0,0,1,3,1,1,0,23.43941078277846,90.17850010964084
seg_0003,50.0,47.24756431632238,0,0,0,0,0,0,0,0,1,0,0,0,0,23.250389382920506,90.4461057796456
seg_0105,60.0,62.18478275336119,0,0,0,0,0,0,0,0,1,1,1,0,0,23.37649508399462,90.29770556155333
seg_0053,50.0,45.225507642386006,0,0,0,0,0,0,0,0,1,0,0,0,0,23.74502692505213,90.02004200761826
seg_0133,60.0,65.84026060228382,0,0,0,0,0,0,0,0,1,1,1,0,0,23.49605814653977,90.07912219414948
seg_0227,50.0,69.71910586984241,1,1,1,1,0,0,1,0,1,1,1,1,0,23.295168480288805,90.33549296276774
seg_0193,50.0,63.44249651843289,1,1,1,1,1,1,0,0,1,1,1,1,0,23.545637717872463,90.14950135193507
seg_0232,50.0,64.93687842688678,1,1,1,1,0,0,1,0,1,1,1,1,0,23.303299126566888,89.9875688908679
seg_0049,50.0,42.15456616528867,0,0,0,0,0,0,0,0,1,0,0,0,0,23.484972256995473,90.08978017089838
seg_0163,60.0,65.54362715274202,1,0,1,0,1,0,0,1,1,1,1,0,0,23.63388975072142,89.99364508979484
seg_0080,80.0,81.92404113600539,0,0,0,0,0,0,0,0,0,0,0,0,1,23.46173547115406,90.23426014187498
seg_0034,30.0,24.285425990883347,1,0,0,0,0,0,1,0,1,0,0,0,0,23.295144885027206,90.36765124779463
seg_0206,70.0,73.72227839537335,1,1,1,1,1,1,0,0,1,1,1,1,0,23.436654658139876,90.08537233657178
seg_0007,70.0,65.35075146090708,0,0,0,0,0,0,0,0,0,0,0,0,1,23.256632480579935,90.42110087784243
seg_0171,50.0,57.86404986788144,1,0,1,1,1,0,0,0,1,1,1,1,0,23.35081366002387,90.03182797143286
seg_0110,60.0,65.79515846132934,0,0,0,0,0,0,0,0,1,1,1,0,0,23.364697372852476,90.08296896248213
seg_0091,70.0,76.71786749576721,0,0,0,0,0,0,0,0,1,3,0,0,0,23.69385209137915,90.12545750627604
seg_0083,70.0,76.1229761601161,0,0,0,0,0,0,0,0,1,3,0,0,0,23.61995438022369,90.06911807620199
seg_0223,50.0,70.60026098587348,1,1,1,1,0,0,1,0,1,1,1,1,0,23.353210635880302,89.95549791432924
seg_0228,80.0,77.20809334015915,1,1,1,1,1,1,0,1,1,1,1,1,0,23.468596698178622,90.40775683864597
seg_0089,60.0,65.44743284549834,0,0,0,0,0,0,0,0,1,1,1,0,0,23.645789521862923,90.34480907139728
seg_0008,70.0,68.70996323560883,0,0,0,0,0,0,0,0,0,0,0,0,1,23.298836057003193,90.29211651325608
seg_0013,50.0,47.426960831582484,0,0,0,0,0,0,0,0,1,0,0,0,0,23.51984606619454,90.24337558283193
seg_0059,50.0,43.270605126518845,0,0,0,0,0,0,0,0,1,0,0,0,0,23.37512568025793,89.96941736721472
seg_0215,50.0,63.731763130677365,1,1,1,1,0,0,1,0,1,1,1,1,0,23.545147471257405,90.08403182041144
seg_0131,80.0,78.1888182081201,0,0,0,0,0,0,0,0,0,0,0,0,1,23.64182650637057,90.14827139116063
seg_0017,30.0,26.176876252009635,1,0,0,0,0,0,1,0,1,0,0,0,0,23.675019288894898,90.1747253370691
seg_0166,50.0,56.0271089941433,1,0,1,1,1,0,0,0,1,1,1,1,0,23.654937222927316,90.07732032738188
seg_0072,70.0,69.4488517662128,0,0,0,0,0,0,0,0,0,0,0,0,1,23.57120963910316,89.96325565527081
seg_0220,60.0,61.81230257127117,1,1,1,1,0,0,1,0,1,1,1,1,0,23.742201090351777,90.21284509115135
seg_0134,80.0,78.63719947577391,0,0,0,0,0,0,0,0,0,0,0,0,1,23.496309046996434,90.11437580514375
seg_0204,60.0,64.95816728349749,1,1,1,1,0,0,1,0,1,1,1,1,0,23.476644417374015,90.21219513466379
seg_0230,80.0,81.83059320620086,1,0,1,1,1,1,0,1,1,1,1,1,0,23.357470189295377,89.96559156753065
seg_0063,70.0,66.49848238855697,0,0,0,0,0,0,0,0,0,0,0,0,1,23.342166837165685,89.9904364833086
seg_0054,50.0,50.093611554785134,0,0,0,0,0,0,0,0,1,2,0,0,0,23.318310665721015,90.30445549845506
seg_0107,80.0,74.36357104273166,0,0,0,0,0,0,0,0,0,0,0,0,1,23.598462527931908,90.14210091568961
seg_0050,70.0,62.82880881606741,0,0,0,0,0,0,0,0,0,0,0,0,1,23.464092074158657,90.43332740952184
seg_0239,60.0,68.61150690254667,1,0,1,1,1,1,0,1,1,1,1,1,0,23.58495873227502,89.97208271885505
seg_0174,70.0,79.02720390092479,0,0,0,0,0,0,0,0,1,3,1,1,0,23.56205077209092,90.21989053095731
seg_0208,80.0,75.11015758212068,1,1,1,1,1,1,0,1,1,1,1,1,0,23.26354799625174,90.06098608096647
seg_0189,60.0,64.68921539367219,1,0,1,0,1,0,0,1,1,1,1,0,0,23.32626952145713,90.23814418008341
seg_0246,60.0,74.46719990805823,1,1,1,1,1,1,0,0,1,1,1,1,0,23.46340852832743,90.38833268893123
seg_0207,60.0,77.22493518674212,1,1,1,1,1,1,0,0,1,1,1,1,0,23.262693177830172,90.0280762986831
seg_0221,60.0,66.07123065719955,1,1,1,1,0,0,1,0,1,1,1,1,0,23.259195338273734,90.40714940328026
seg_0169,70.0,74.66496267366777,0,0,0,0,0,0,0,0,1,3,1,1,0,23.615433737601823,90.41917022841052
seg_0058,70.0,71.46445080142843,0,0,0,0,0,0,0,0,0,0,0,0,1,23.48279900906623,90.2213223173538
seg_0048,30.0,30.961853575581387,1,0,0,0,0,0,1,0,1,0,0,0,0,23.499596689942376,90.23600209960459
seg_0088,60.0,64.01899623550145,0,0,0,0,0,0,0,0,1,1,1,0,0,23.55122046295056,90.22685152617291
seg_0021,50.0,47.08570691164703,0,0,0,0,0,0,0,0,1,1,0,0,0,23.3508596011677,90.39788179783676
seg_0057,50.0,48.720261352951994,0,0,0,0,0,0,0,0,1,2,0,0,0,23.418997578425767,90.13779147631998
seg_0203,70.0,70.88089358441943,1,0,1,1,1,1,0,1,1,1,1,1,0,23.438862973720084,90.36828240664617
seg_0160,60.0,66.79979093660285,1,0,1,0,1,0,0,1,1,1,1,0,0,23.609228635418276,90.21751836602246
seg_0242,70.0,77.89093301251644,1,1,1,1,1,1,0,1,1,1,1,1,0,23.277441307323237,90.17757184251808
seg_0187,50.0,58.56015531853662,1,1,1,1,1,1,0,0,1,1,1,1,0,23.5431149160084,90.20294433944224
seg_0191,60.0,65.8632087949412,1,0,1,0,1,0,0,1,1,1,1,0,0,23.306619022920376,90.44242059948117
seg_0129,70.0,71.53019640589758,0,0,0,0,0,0,0,0,1,3,0,0,0,23.74023136254619,90.25404392477094
seg_0037,30.0,30.47285532794994,1,0,0,0,0,0,1,0,1,0,0,0,0,23.71836499436837,90.018760472073
seg_0157,50.0,65.82378616908606,1,0,1,1,1,1,0,0,1,1,1,1,0,23.275817738937256,89.95912124071418
seg_0235,50.0,69.06018982308598,1,1,1,1,0,0,1,0,1,1,1,1,0,23.407298278404706,90.35371512590838
seg_0001,70.0,68.6122651291753,0,0,0,0,0,0,0,0,0,0,0,0,1,23.472916376426795,89.999987457909
seg_0052,50.0,42.97176493770768,0,0,0,0,0,0,0,0,1,2,0,0,0,23.447345733404735,90.37210657036316
seg_0149,60.0,65.19762131819252,1,0,1,0,1,0,0,1,1,1,1,0,0,23.670354992938965,89.99460216435602
seg_0130,60.0,62.11191591327849,0,0,0,0,0,0,0,0,1,1,1,0,0,23.468737461011866,90.40207934724688
seg_0151,70.0,81.36822475394914,0,0,0,0,0,0,0,0,1,3,1,1,0,23.499221099464528,89.99346014404371
seg_0103,60.0,58.34527929560461,0,0,0,0,0,0,0,0,1,1,1,0,0,23.651054624513367,90.43895033437714
seg_0099,70.0,68.50672948113653,0,0,0,0,0,0,0,0,1,3,0,0,0,23.49631255214543,89.95567682238371
seg_0116,80.0,78.75304572281708,0,0,0,0,0,0,0,0,0,0,0,0,1,23.490185040933177,90.44264302533276
seg_0087,60.0,58.73363317806785,0,0,0,0,0,0,0,0,1,1,1,0,0,23.49126047482132,90.1965128288859
seg_0202,60.0,76.74966381871474,1,1,1,1,1,1,0,0,1,1,1,1,0,23.354952796547792,90.39902714472036
seg_0074,30.0,24.485529106126158,1,0,0,0,0,0,1,0,1,0,0,0,0,23.660213421885633,90.2757423859289
seg_0214,70.0,81.5021466284532,1,0,1,1,1,1,0,1,1,1,1,1,0,23.705312001770153,90.26238063552162
seg_0210,70.0,79.979750553488,1,1,1,1,1,1,0,0,1,1,1,1,0,23.610406548155254,90.35265748367895
seg_0121,60.0,59.928678658637054,0,0,0,0,0,0,0,0,1,1,1,0,0,23.722382864941213,90.3748236953387
seg_0249,60.0,70.23147959860874,1,1,1,1,0,0,1,0,1,1,1,1,0,23.29427170530681,89.96879838660314
seg_0020,50.0,42.25419126744095,0,0,0,0,0,0,0,0,1,0,0,0,0,23.37803416138066,89.97021679476921
seg_0188,50.0,65.22499381177296,1,1,1,1,1,0,0,0,1,1,1,1,0,23.54648145262941,90.0011063321126
seg_0071,30.0,24.49398123180301,1,0,0,0,0,0,1,0,1,0,0,0,0,23.50051994195763,90.21968872420004
seg_0106,80.0,81.96665100023496,0,0,0,0,0,0,0,0,0,0,0,0,1,23.564699319067632,90.29787434449231
seg_0014,70.0,70.49469246226323,0,0,0,0,0,0,0,0,0,0,0,0,1,23.39813675285204,90.0326334695315
seg_0092,60.0,58.80898140898232,0,0,0,0,0,0,0,0,1,1,1,0,0,23.59401500508752,90.36848193711869
seg_0179,50.0,63.06980461243459,1,0,1,1,1,0,0,0,1,1,1,1,0,23.644298605612267,90.02583743986638
seg_0102,70.0,71.927022484459,0,0,0,0,0,0,0,0,1,3,0,0,0,23.39285604314093,90.38429956409473
